{
    "menuSection": "screens",
    "configItem": [
        {
            "name": "Экраны U8g2",
            "type": "Reading",
            "subtype": "U8g2lib",
            "id": "u8",
            "widget": "",
            "page": "",
            "descr": "",

            "oledType": "SS_I2C",
            "int": 1,
            "update": 500,
            "font": "c6x13",
            "contrast": 90,
            "rotation": 90,
            "autoPage": 1,
            "pageTime": 3000,
            "id2show": "",
            
            "dc": 19,
            "cs": 5,
            "data": 23,
            "clock": 18,
            "rst": -1
        }
    ],
    "about": {
        "authorName": "Ilya Belyakov",
        "authorContact": "https://t.me/Biveraxe",
        "authorGit": "https://github.com/biveraxe",
        "specialThanks": "Yuriy Trikoz @ytrikoz",
        "moduleName": "U8g2lib",
        "moduleVersion": "1.0",
        "usedRam": {
            "esp32_4mb": 15,
            "esp8266_4mb": 15
        },
        "moduleDesc": "Позволяет выводить на графические экраны т ипа SST указанные параметры из конфигурации IoTM.",
        "propInfo": {
            "addr": "Адрес устройства на шине, обычно 0x27. Установите пустую строку для включения режима сканирования адресов на шине (результат в консоли).",
            "size": "Размерность матрицы экрана.",
            "coord": "Координата позиции для вывода данных элемента конфигурации.",
            "id2show": "id элемента конфигурации для отображения на экране. Если пустое значение, то данные берутся из собственной переменной.",
            "prefix": "Символы до значения.",
            "postfix": "Символы после значения."
        },
        "title": "Дисплей U8g2lib",
        "funcInfo": [
            {
                "name": "noBacklight",
                "descr": "Выключить подсветку",
                "params": []
            },
            {
                "name": "backlight",
                "descr": "Включить подсветку",
                "params": []
            },
            {
                "name": "noDisplay",
                "descr": "Спрятать все данные",
                "params": []
            },
            {
                "name": "display",
                "descr": "Показать данные на экране",
                "params": []
            },
            {
                "name": "toggle",
                "descr": "Переключает видимость значений на экране",
                "params": []
            },
            {
                "name": "x",
                "descr": "Устанавливает первую координату",
                "params": [
                    "Номер строки первого символа"
                ]
            },
            {
                "name": "y",
                "descr": "Устанавливает вторую координату",
                "params": [
                    "Номер столбца первого символа"
                ]
            },
            {
                "name": "prefix",
                "descr": "Задает приставку слева от значения",
                "params": [
                    "Строка"
                ]
            },
            {
                "name": "postfix",
                "descr": "Задает приставку справа от значения",
                "params": [
                    "Строка"
                ]
            },
            {
                "name": "id2show",
                "descr": "Задает ИД элемента, значение которого хотим отображать на экране",
                "params": [
                    "Имя элемента конфигурации"
                ]
            }
        ]
    },
    "defActive": false,
    "usedLibs": {
        "esp32*": [
            "olikraus/U8g2 @ ^2.36.5"
        ],
        "esp82*": [
            "olikraus/U8g2 @ ^2.36.5"
        ]
    }
}